<?xml version="1.0"?>
<doc>
    <assembly>
        <name>crank</name>
    </assembly>
    <members>
        <member name="M:Microsoft.AspNet.SignalR.Crank.DefaultConnectionFactory.GetQueryStringFromUrl(System.String)">
            <summary>
            returns the url without the query and the query string as two seperate items
            </summary>
            <param name="url"></param>
            <returns>Item1:The url without the query string
            Item2:The query string if there was one or null</returns>
        </member>
        <member name="M:Microsoft.AspNet.SignalR.Crank.DefaultConnectionFactory.StripQueryString(System.String)">
            <summary>
            returns the url without the query string if one is present else it returns the original url
            </summary>
            <param name="url"></param>
            <returns>The url without the query string or the original url if no query string was present</returns>
        </member>
    </members>
</doc>
